Record_ID,Case_ID,Evidence_ID,Row_ID,Confidence_Score,Confidence_Level,Byte_Offset,Page_Num,Cell_Index,Column_Types,Column_Values,Reasons
REC-72ECB9934B,BENCHMARK-CASE,BENCHMARK-EVD,1,85.8,High,16355,4,0,"[""NULL"", ""INTEGER"", ""INTEGER"", ""TEXT"", ""TEXT"", ""INTEGER""]","[null, 1000, 150, ""USD"", ""COMPLETED"", 1787200000]","[""\u2713 Complete non-truncated payload (27 bytes)"", ""\u2713 Valid SQLite record header (6 columns: NULL, INTEGER, INTEGER, TEXT)"", ""\u26a0 5/6 column values successfully decoded"", ""\u2713 Valid positive RowID (1)""]"
REC-84E67D4BD4,BENCHMARK-CASE,BENCHMARK-EVD,2,85.8,High,16320,4,1,"[""NULL"", ""INTEGER"", ""REAL"", ""TEXT"", ""TEXT"", ""INTEGER""]","[null, 1001, 174.5, ""USD"", ""COMPLETED"", 1787203600]","[""\u2713 Complete non-truncated payload (33 bytes)"", ""\u2713 Valid SQLite record header (6 columns: NULL, INTEGER, REAL, TEXT)"", ""\u26a0 5/6 column values successfully decoded"", ""\u2713 Valid positive RowID (2)""]"
REC-7B04CE0F16,BENCHMARK-CASE,BENCHMARK-EVD,3,85.8,High,16291,4,2,"[""NULL"", ""INTEGER"", ""INTEGER"", ""TEXT"", ""TEXT"", ""INTEGER""]","[null, 1002, 199, ""USD"", ""COMPLETED"", 1787207200]","[""\u2713 Complete non-truncated payload (27 bytes)"", ""\u2713 Valid SQLite record header (6 columns: NULL, INTEGER, INTEGER, TEXT)"", ""\u26a0 5/6 column values successfully decoded"", ""\u2713 Valid positive RowID (3)""]"
REC-F1CEDFC546,BENCHMARK-CASE,BENCHMARK-EVD,4,85.8,High,16256,4,3,"[""NULL"", ""INTEGER"", ""REAL"", ""TEXT"", ""TEXT"", ""INTEGER""]","[null, 1003, 223.5, ""USD"", ""COMPLETED"", 1787210800]","[""\u2713 Complete non-truncated payload (33 bytes)"", ""\u2713 Valid SQLite record header (6 columns: NULL, INTEGER, REAL, TEXT)"", ""\u26a0 5/6 column values successfully decoded"", ""\u2713 Valid positive RowID (4)""]"
REC-C1EDC0D8FE,BENCHMARK-CASE,BENCHMARK-EVD,5,85.8,High,16227,4,4,"[""NULL"", ""INTEGER"", ""INTEGER"", ""TEXT"", ""TEXT"", ""INTEGER""]","[null, 1004, 248, ""USD"", ""COMPLETED"", 1787214400]","[""\u2713 Complete non-truncated payload (27 bytes)"", ""\u2713 Valid SQLite record header (6 columns: NULL, INTEGER, INTEGER, TEXT)"", ""\u26a0 5/6 column values successfully decoded"", ""\u2713 Valid positive RowID (5)""]"
REC-86AB9D1D33,BENCHMARK-CASE,BENCHMARK-EVD,6,85.8,High,16192,4,5,"[""NULL"", ""INTEGER"", ""REAL"", ""TEXT"", ""TEXT"", ""INTEGER""]","[null, 1000, 272.5, ""USD"", ""COMPLETED"", 1787218000]","[""\u2713 Complete non-truncated payload (33 bytes)"", ""\u2713 Valid SQLite record header (6 columns: NULL, INTEGER, REAL, TEXT)"", ""\u26a0 5/6 column values successfully decoded"", ""\u2713 Valid positive RowID (6)""]"
REC-0711CDA5FC,BENCHMARK-CASE,BENCHMARK-EVD,7,85.8,High,16163,4,6,"[""NULL"", ""INTEGER"", ""INTEGER"", ""TEXT"", ""TEXT"", ""INTEGER""]","[null, 1001, 297, ""USD"", ""COMPLETED"", 1787221600]","[""\u2713 Complete non-truncated payload (27 bytes)"", ""\u2713 Valid SQLite record header (6 columns: NULL, INTEGER, INTEGER, TEXT)"", ""\u26a0 5/6 column values successfully decoded"", ""\u2713 Valid positive RowID (7)""]"
REC-DE1C797EDC,BENCHMARK-CASE,BENCHMARK-EVD,8,85.8,High,16128,4,7,"[""NULL"", ""INTEGER"", ""REAL"", ""TEXT"", ""TEXT"", ""INTEGER""]","[null, 1002, 321.5, ""USD"", ""COMPLETED"", 1787225200]","[""\u2713 Complete non-truncated payload (33 bytes)"", ""\u2713 Valid SQLite record header (6 columns: NULL, INTEGER, REAL, TEXT)"", ""\u26a0 5/6 column values successfully decoded"", ""\u2713 Valid positive RowID (8)""]"
REC-40B79306BA,BENCHMARK-CASE,BENCHMARK-EVD,9,85.8,High,16099,4,8,"[""NULL"", ""INTEGER"", ""INTEGER"", ""TEXT"", ""TEXT"", ""INTEGER""]","[null, 1003, 346, ""USD"", ""COMPLETED"", 1787228800]","[""\u2713 Complete non-truncated payload (27 bytes)"", ""\u2713 Valid SQLite record header (6 columns: NULL, INTEGER, INTEGER, TEXT)"", ""\u26a0 5/6 column values successfully decoded"", ""\u2713 Valid positive RowID (9)""]"
REC-441428599C,BENCHMARK-CASE,BENCHMARK-EVD,10,85.8,High,16064,4,9,"[""NULL"", ""INTEGER"", ""REAL"", ""TEXT"", ""TEXT"", ""INTEGER""]","[null, 1004, 370.5, ""USD"", ""COMPLETED"", 1787232400]","[""\u2713 Complete non-truncated payload (33 bytes)"", ""\u2713 Valid SQLite record header (6 columns: NULL, INTEGER, REAL, TEXT)"", ""\u26a0 5/6 column values successfully decoded"", ""\u2713 Valid positive RowID (10)""]"
REC-95A316F638,BENCHMARK-CASE,BENCHMARK-EVD,1,85.0,High,8123,2,0,"[""NULL"", ""TEXT"", ""TEXT"", ""TEXT"", ""TEXT""]","[null, ""alice_sec"", ""alice@enterprise.org"", ""Administrator"", ""2026-08-15 08:30:00""]","[""\u2713 Complete non-truncated payload (67 bytes)"", ""\u2713 Valid SQLite record header (5 columns: NULL, TEXT, TEXT, TEXT)"", ""\u26a0 4/5 column values successfully decoded"", ""\u2713 Valid positive RowID (1)""]"
REC-A3AF9E60E1,BENCHMARK-CASE,BENCHMARK-EVD,2,85.0,High,8063,2,1,"[""NULL"", ""TEXT"", ""TEXT"", ""TEXT"", ""TEXT""]","[null, ""bob_ops"", ""bob@enterprise.org"", ""Operator"", ""2026-08-15 09:15:00""]","[""\u2713 Complete non-truncated payload (58 bytes)"", ""\u2713 Valid SQLite record header (5 columns: NULL, TEXT, TEXT, TEXT)"", ""\u26a0 4/5 column values successfully decoded"", ""\u2713 Valid positive RowID (2)""]"
REC-099DA28DB8,BENCHMARK-CASE,BENCHMARK-EVD,3,85.0,High,7994,2,2,"[""NULL"", ""TEXT"", ""TEXT"", ""TEXT"", ""TEXT""]","[null, ""charlie_audit"", ""charlie@enterprise.org"", ""Auditor"", ""2026-08-15 10:00:00""]","[""\u2713 Complete non-truncated payload (67 bytes)"", ""\u2713 Valid SQLite record header (5 columns: NULL, TEXT, TEXT, TEXT)"", ""\u26a0 4/5 column values successfully decoded"", ""\u2713 Valid positive RowID (3)""]"
REC-EEE9A893F1,BENCHMARK-CASE,BENCHMARK-EVD,4,85.0,High,7930,2,3,"[""NULL"", ""TEXT"", ""TEXT"", ""TEXT"", ""TEXT""]","[null, ""david_dev"", ""david@enterprise.org"", ""Engineer"", ""2026-08-15 11:20:00""]","[""\u2713 Complete non-truncated payload (62 bytes)"", ""\u2713 Valid SQLite record header (5 columns: NULL, TEXT, TEXT, TEXT)"", ""\u26a0 4/5 column values successfully decoded"", ""\u2713 Valid positive RowID (4)""]"
REC-B0A57EBE8F,BENCHMARK-CASE,BENCHMARK-EVD,5,85.0,High,7855,2,4,"[""NULL"", ""TEXT"", ""TEXT"", ""TEXT"", ""TEXT""]","[null, ""eva_analyst"", ""eva@enterprise.org"", ""Forensic Specialist"", ""2026-08-15 12:45:00""]","[""\u2713 Complete non-truncated payload (73 bytes)"", ""\u2713 Valid SQLite record header (5 columns: NULL, TEXT, TEXT, TEXT)"", ""\u26a0 4/5 column values successfully decoded"", ""\u2713 Valid positive RowID (5)""]"
REC-C385D74312,BENCHMARK-CASE,BENCHMARK-EVD,1,85.0,High,12186,3,0,"[""NULL"", ""TEXT"", ""TEXT"", ""TEXT"", ""TEXT""]","[null, ""alice_sec"", ""bob_ops"", ""Confirming server maintenance window at 22:00 UTC [Seq #1]"", ""2026-08-20 14:10:00""]","[""\u2713 Complete non-truncated payload (100 bytes)"", ""\u2713 Valid SQLite record header (5 columns: NULL, TEXT, TEXT, TEXT)"", ""\u26a0 4/5 column values successfully decoded"", ""\u2713 Valid positive RowID (1)""]"
REC-DA1451CA19,BENCHMARK-CASE,BENCHMARK-EVD,2,85.0,High,12075,3,1,"[""NULL"", ""TEXT"", ""TEXT"", ""TEXT"", ""TEXT""]","[null, ""bob_ops"", ""alice_sec"", ""Backup snapshot completed successfully before routine wipe [Seq #2]"", ""2026-08-20 14:15:22""]","[""\u2713 Complete non-truncated payload (109 bytes)"", ""\u2713 Valid SQLite record header (5 columns: NULL, TEXT, TEXT, TEXT)"", ""\u26a0 4/5 column values successfully decoded"", ""\u2713 Valid positive RowID (2)""]"
REC-CDA0484F02,BENCHMARK-CASE,BENCHMARK-EVD,3,85.0,High,11970,3,2,"[""NULL"", ""TEXT"", ""TEXT"", ""TEXT"", ""TEXT""]","[null, ""charlie_audit"", ""alice_sec"", ""Audit certificate request for compliance review [Seq #3]"", ""2026-08-21 09:04:10""]","[""\u2713 Complete non-truncated payload (103 bytes)"", ""\u2713 Valid SQLite record header (5 columns: NULL, TEXT, TEXT, TEXT)"", ""\u26a0 4/5 column values successfully decoded"", ""\u2713 Valid positive RowID (3)""]"
REC-C5C1AA5F33,BENCHMARK-CASE,BENCHMARK-EVD,4,85.0,High,11864,3,3,"[""NULL"", ""TEXT"", ""TEXT"", ""TEXT"", ""TEXT""]","[null, ""david_dev"", ""bob_ops"", ""Deploying forensic module FARIS to production cluster [Seq #4]"", ""2026-08-21 10:30:00""]","[""\u2713 Complete non-truncated payload (104 bytes)"", ""\u2713 Valid SQLite record header (5 columns: NULL, TEXT, TEXT, TEXT)"", ""\u26a0 4/5 column values successfully decoded"", ""\u2713 Valid positive RowID (4)""]"
REC-4CFAF5F024,BENCHMARK-CASE,BENCHMARK-EVD,5,85.0,High,11751,3,4,"[""NULL"", ""TEXT"", ""TEXT"", ""TEXT"", ""TEXT""]","[null, ""eva_analyst"", ""charlie_audit"", ""Chain of custody log verified with SHA-256 integrity [Seq #5]"", ""2026-08-21 16:45:11""]","[""\u2713 Complete non-truncated payload (111 bytes)"", ""\u2713 Valid SQLite record header (5 columns: NULL, TEXT, TEXT, TEXT)"", ""\u26a0 4/5 column values successfully decoded"", ""\u2713 Valid positive RowID (5)""]"
REC-75C9B4BE4F,BENCHMARK-CASE,BENCHMARK-EVD,6,85.0,High,11647,3,5,"[""NULL"", ""TEXT"", ""TEXT"", ""TEXT"", ""TEXT""]","[null, ""alice_sec"", ""david_dev"", ""Security verification test scheduled for tomorrow [Seq #6]"", ""2026-08-22 08:12:30""]","[""\u2713 Complete non-truncated payload (102 bytes)"", ""\u2713 Valid SQLite record header (5 columns: NULL, TEXT, TEXT, TEXT)"", ""\u26a0 4/5 column values successfully decoded"", ""\u2713 Valid positive RowID (6)""]"
REC-B6C30CDF5D,BENCHMARK-CASE,BENCHMARK-EVD,7,85.0,High,11548,3,6,"[""NULL"", ""TEXT"", ""TEXT"", ""TEXT"", ""TEXT""]","[null, ""bob_ops"", ""eva_analyst"", ""Target device HP v236w connected to port 8743 [Seq #7]"", ""2026-08-22 11:00:00""]","[""\u2713 Complete non-truncated payload (97 bytes)"", ""\u2713 Valid SQLite record header (5 columns: NULL, TEXT, TEXT, TEXT)"", ""\u26a0 4/5 column values successfully decoded"", ""\u2713 Valid positive RowID (7)""]"
REC-0C2086CA23,BENCHMARK-CASE,BENCHMARK-EVD,8,85.0,High,11448,3,7,"[""NULL"", ""TEXT"", ""TEXT"", ""TEXT"", ""TEXT""]","[null, ""charlie_audit"", ""david_dev"", ""Report generated for forensic case archive [Seq #8]"", ""2026-08-22 15:20:00""]","[""\u2713 Complete non-truncated payload (98 bytes)"", ""\u2713 Valid SQLite record header (5 columns: NULL, TEXT, TEXT, TEXT)"", ""\u26a0 4/5 column values successfully decoded"", ""\u2713 Valid positive RowID (8)""]"
REC-AC0B71D735,BENCHMARK-CASE,BENCHMARK-EVD,9,85.0,High,11346,3,8,"[""NULL"", ""TEXT"", ""TEXT"", ""TEXT"", ""TEXT""]","[null, ""alice_sec"", ""bob_ops"", ""Confirming server maintenance window at 22:00 UTC [Seq #9]"", ""2026-08-20 14:10:00""]","[""\u2713 Complete non-truncated payload (100 bytes)"", ""\u2713 Valid SQLite record header (5 columns: NULL, TEXT, TEXT, TEXT)"", ""\u26a0 4/5 column values successfully decoded"", ""\u2713 Valid positive RowID (9)""]"
REC-C52E539829,BENCHMARK-CASE,BENCHMARK-EVD,10,85.0,High,11234,3,9,"[""NULL"", ""TEXT"", ""TEXT"", ""TEXT"", ""TEXT""]","[null, ""bob_ops"", ""alice_sec"", ""Backup snapshot completed successfully before routine wipe [Seq #10]"", ""2026-08-20 14:15:22""]","[""\u2713 Complete non-truncated payload (110 bytes)"", ""\u2713 Valid SQLite record header (5 columns: NULL, TEXT, TEXT, TEXT)"", ""\u26a0 4/5 column values successfully decoded"", ""\u2713 Valid positive RowID (10)""]"
